metric,TOP,JUNGLE,MIDDLE,BOTTOM,SUPPORT
kda,2.834092884654659,3.8318011830670815,3.380625720324485,3.915307067229162,2.5385011994585946
kp,-1.443237954200725,-0.9711640018995196,-1.2397715027602723,-1.5204799472924928,-1.1419737850355778
csm,-0.7428785308377709,-0.23818530961945145,-0.612787495033714,-0.6762768050487168,-0.5740922276590797
gpm,1.8526405670553057,1.4033474204190681,1.4291429593366898,1.629229594362007,1.7524528062507942
dpm,0.6088875510980221,0.957892235713248,0.6857840829051757,0.4974498364771037,0.7326405240760562
dmg_share,-1.0492842932616133,-1.5150781050706723,-0.9995582102945761,-0.7057689424714301,-1.2612686418003245
vspm,-0.09726997880898745,0.0020278334000593764,-0.1411399794677326,-0.13152021507600872,-0.020642874467701387
wpm,0.1909600914992802,0.01902378848942225,0.1749315819778541,0.18753794391362064,0.07552561559419436
dthpm,-0.2522168656563565,-0.14263360437395337,-0.20828763517996174,-0.0892326990769311,-0.30857671246743495
skpm,0.04746302254283339,-0.1411705729794351,0.03799206411457468,-0.06728558902525059,-0.2516397976562651
