patch,TOP,JUNGLE,MIDDLE,BOTTOM,SUPPORT,n_matches
15.15,0.31314878892733566,0.7249134948096885,0.5544982698961938,0.5181660899653979,0.47145328719723184,136
15.24,0.49251033057851246,0.6319731404958677,0.5,0.5553977272727272,0.5584969008264462,352
16.1,0.5367166474432911,0.6059207996924261,0.5528642829680892,0.5247981545559399,0.5613225682429834,200
16.10,0.586888657648283,0.7406347554630592,0.4854318418314256,0.518990634755463,0.5954734651404787,245
16.11,0.6081871345029239,0.6605109264389042,0.5500153893505694,0.6038781163434903,0.579870729455217,227
16.12,0.5599489795918366,0.5978954081632653,0.5876913265306123,0.6151147959183674,0.5985331632653061,224
16.13,0.5359790975213615,0.663441847327166,0.5422639644092931,0.5969917378716192,0.5340724525104159,476
16.14,0.5340054058002776,0.6561472715318869,0.5106289721674336,0.5265541675798086,0.6000438308130617,466
16.15,0.5097106619104241,0.6475095785440612,0.5929449068569164,0.6057603382216938,0.539833531510107,345
16.16,0.5240544971451185,0.6354796766351969,0.5402227372943638,0.5934196393238735,0.5883882638928147,530
16.17,0.5497130407057074,0.6017111276437453,0.5422202146880646,0.5506164310766288,0.6359336805186524,770
16.18,0.5673553719008264,0.6578305785123967,0.5462396694214876,0.5742355371900827,0.6031198347107438,879
16.19,0.5592393671069822,0.6438147771810132,0.505501524168965,0.5625199593554943,0.5988038902598345,1654
16.2,0.6220083246618107,0.6753381893860562,0.6953694068678459,0.61420395421436,0.673777315296566,247
16.20,0.602359693877551,0.7177933673469388,0.4311224489795919,0.5363520408163265,0.53125,221
16.3,0.5748760330578512,0.7457851239669422,0.6333884297520661,0.6135537190082645,0.5914049586776859,216
16.4,0.4585785423268447,0.644182888184699,0.5821638750565866,0.5454956994114983,0.5685830692621096,188
16.5,0.5025777777777778,0.6325333333333334,0.47075555555555554,0.5434666666666667,0.5800888888888889,298
16.6,0.5312244897959184,0.6353061224489795,0.6159183673469387,0.5448979591836735,0.5697959183673469,278
16.7,0.5616319444444444,0.5759548611111112,0.544704861111111,0.5659722222222222,0.5672743055555556,185
16.8,0.5551215277777778,0.6098090277777778,0.54296875,0.5985243055555556,0.5694444444444444,189
16.9,0.46844993141289437,0.5881344307270233,0.5606995884773663,0.7091906721536351,0.5596707818930041,215
