subset,model,role,n_test,auc,ci_lo,ci_hi,delta_vs_jungle
CLOSE GAMES (>= 32 min),A_raw_levels,TOP,1500,0.8109617777777778,0.7887416,0.8318850222222223,-0.030490666666666666
CLOSE GAMES (>= 32 min),A_raw_levels,JUNGLE,1500,0.8414524444444444,0.8203001333333334,0.8622255111111111,0.0
CLOSE GAMES (>= 32 min),A_raw_levels,MIDDLE,1500,0.8006275555555555,0.7782243555555555,0.8228937777777777,-0.04082488888888891
CLOSE GAMES (>= 32 min),A_raw_levels,BOTTOM,1500,0.8206773333333333,0.7993749777777778,0.8413082222222222,-0.02077511111111119
CLOSE GAMES (>= 32 min),A_raw_levels,SUPPORT,1500,0.8221831111111112,0.7998356444444445,0.8421077777777778,-0.01926933333333325
CLOSE GAMES (>= 32 min),B_team_shares,TOP,1500,0.5376462222222222,0.5112740888888888,0.5638197777777778,-0.08574933333333334
CLOSE GAMES (>= 32 min),B_team_shares,JUNGLE,1500,0.6233955555555556,0.5974475111111112,0.6488257333333333,0.0
CLOSE GAMES (>= 32 min),B_team_shares,MIDDLE,1500,0.5606471111111111,0.5345059555555556,0.5870552,-0.0627484444444445
CLOSE GAMES (>= 32 min),B_team_shares,BOTTOM,1500,0.573664,0.5455484,0.5995648888888888,-0.04973155555555564
CLOSE GAMES (>= 32 min),B_team_shares,SUPPORT,1500,0.5745795555555555,0.5499152444444444,0.599241688888889,-0.04881600000000008
CLOSE GAMES (>= 32 min),C_team_residual,TOP,1500,0.676375111111111,0.6485401777777777,0.7023512,0.017244444444444396
CLOSE GAMES (>= 32 min),C_team_residual,JUNGLE,1500,0.6591306666666666,0.6323059111111111,0.6866214666666666,0.0
CLOSE GAMES (>= 32 min),C_team_residual,MIDDLE,1500,0.6334737777777778,0.6032995111111111,0.6576180444444444,-0.02565688888888884
CLOSE GAMES (>= 32 min),C_team_residual,BOTTOM,1500,0.6964995555555555,0.6714281333333334,0.7210944,0.037368888888888896
CLOSE GAMES (>= 32 min),C_team_residual,SUPPORT,1500,0.774432,0.7500954222222223,0.7956028444444445,0.11530133333333337
