role,model,n_train,n_test,test_auc,test_accuracy,brier
TOP,Equal-weight composite,12545,4188,0.6381416860611631,0.5995702005730659,0.2347386999393382
TOP,Logistic Regression,12545,4188,0.9046789673955803,0.8249761222540593,0.1251526207606981
TOP,Gradient Boosting,12545,4188,0.9182695586036875,0.8304680038204394,0.11578421739526606
TOP,Neural Net (MLP),12545,4188,0.9211956664275851,0.8383476599808978,0.11332315360834727
JUNGLE,Equal-weight composite,12546,4188,0.6467438341465529,0.6010028653295129,0.23309092607702647
JUNGLE,Logistic Regression,12546,4188,0.9277747053195844,0.8505253104106972,0.10756071556771157
JUNGLE,Gradient Boosting,12546,4188,0.9359620145341843,0.8584049665711557,0.10090036112861309
JUNGLE,Neural Net (MLP),12546,4188,0.9284739334547367,0.8490926456542502,0.10736283726550827
MIDDLE,Equal-weight composite,12545,4188,0.6335729850724143,0.5909742120343839,0.23564486092622175
MIDDLE,Logistic Regression,12545,4188,0.9102798622981252,0.8342884431709646,0.1212189755357441
MIDDLE,Gradient Boosting,12545,4188,0.9224210261047452,0.8393027698185291,0.1123281638051803
MIDDLE,Neural Net (MLP),12545,4188,0.9256706352690581,0.8478987583572111,0.10951675791854219
BOTTOM,Equal-weight composite,12546,4188,0.6596818352343929,0.6129417382999045,0.23093965871734082
BOTTOM,Logistic Regression,12546,4188,0.9170146653180793,0.832378223495702,0.11656604166549303
BOTTOM,Gradient Boosting,12546,4188,0.927440143129673,0.8498089780324737,0.10767345154902377
BOTTOM,Neural Net (MLP),12546,4188,0.9270253042588832,0.8426456542502387,0.10868140084728702
SUPPORT,Equal-weight composite,12544,4188,0.5921878474332557,0.5661413562559694,0.24569397073048208
SUPPORT,Logistic Regression,12544,4188,0.9106682463536256,0.8347659980897804,0.11976135322365414
SUPPORT,Gradient Boosting,12544,4188,0.9273518843924571,0.852196752626552,0.10727217376751534
SUPPORT,Neural Net (MLP),12544,4188,0.9309543004468811,0.8545845272206304,0.10432647064450089
